Disease,workout
AIDS,Yoga for stress relief
AIDS,Low-impact cardio
AIDS,Strength training
AIDS,Breathing exercises
AIDS,Light stretching
ALS (Amyotrophic Lateral Sclerosis),Physical therapy
ALS (Amyotrophic Lateral Sclerosis),Range-of-motion exercises
ALS (Amyotrophic Lateral Sclerosis),Aquatic therapy
ALS (Amyotrophic Lateral Sclerosis),Resistance band training
ALS (Amyotrophic Lateral Sclerosis),Breathing exercises
Acne,Facial yoga
Acne,Hydration-focused exercises
Acne,Detox yoga
Acne,Cardio workouts
Acne,Deep breathing techniques
Achalasia ,Swallowing therapy
Achalasia ,Neck and throat stretching
Achalasia ,Breathing exercises
Achalasia ,Posture correction
Achalasia ,Mindful eating practices
Acute Bronchitis,Pursed-lip breathing
Acute Bronchitis,Steam therapy
Acute Bronchitis,Chest physiotherapy
Acute Bronchitis,Gentle walking
Acute Bronchitis,Hydration-based yoga
Addison's Disease,Low-intensity yoga
Addison's Disease,Stress-relief breathing
Addison's Disease,Light strength training
Addison's Disease,Electrolyte-balancing workouts
Addison's Disease,Hydration therapy
Alcoholic hepatitis,Liver detox yoga
Alcoholic hepatitis,Walking therapy
Alcoholic hepatitis,Hydration-based movements
Alcoholic hepatitis,Core-strengthening exercises
Alcoholic hepatitis,Light stretching
Allergy,Nasal breathing exercises
Allergy,Outdoor walking (low pollen days)
Allergy,Gentle yoga
Allergy,Steam inhalation therapy
Allergy,Cardio with air filtration
Alzheimer's Disease,Cognitive exercises with movement
Alzheimer's Disease,Dancing therapy
Alzheimer's Disease,Balance exercises
Alzheimer's Disease,Strength training
Alzheimer's Disease,Tai Chi
Amebiasis,Hydration-focused yoga
Amebiasis,Pelvic floor strengthening
Amebiasis,Walking therapy
Amebiasis,Gut health yoga
Amebiasis,Light resistance training
Anemia,Iron-boosting diet with workouts
Anemia,Low-intensity jogging
Anemia,Strength training for endurance
Anemia,Yoga for circulation
Anemia,Breathing exercises
Aneurysm,Light resistance band exercises
Aneurysm,Mindful walking
Aneurysm,Deep breathing techniques
Aneurysm,Yoga for blood flow
Aneurysm,Posture correction
Anthrax,Hydration therapy
Anthrax,Light stretching
Anthrax,Immune-boosting yoga
Anthrax,Deep breathing
Anthrax,Core-strength workouts
Aplastic Anemia,Low-impact exercises
Aplastic Anemia,Blood circulation yoga
Aplastic Anemia,Mindful breathing
Aplastic Anemia,Aerobic training with breaks
Aplastic Anemia,Walking therapy
Appendicitis,Post-recovery core strengthening
Appendicitis,Gentle stretching
Appendicitis,Deep breathing exercises
Appendicitis,Pelvic muscle strengthening
Appendicitis,Hydration therapy
Arthritis,Water aerobics
Arthritis,Range-of-motion exercises
Arthritis,Tai Chi for joints
Arthritis,Resistance band therapy
Arthritis,Balance training
Aspergillosis,Lung expansion exercises
Aspergillosis,Breathing retraining
Aspergillosis,Chest physiotherapy
Aspergillosis,Steam inhalation therapy
Aspergillosis,Gentle stretching
Asthma,Pursed-lip breathing
Asthma,Swimming therapy
Asthma,Cardio conditioning
Asthma,Low-intensity yoga
Asthma,Steam inhalation
Arrhythmia,Heart-rate-controlled exercises
Arrhythmia,Breathing control techniques
Arrhythmia,Tai Chi
Arrhythmia,Low-intensity aerobic training
Arrhythmia,Walking therapy
Avian Influenza,Lung-strengthening exercises
Avian Influenza,Hydration-based movement
Avian Influenza,Immune-boosting stretches
Avian Influenza,Breathing therapy
Avian Influenza,Steam inhalation
Babesiosis,Strength recovery training
Babesiosis,Light cardio
Babesiosis,Hydration-based workouts
Babesiosis,Breathing therapy
Babesiosis,Walking sessions
Bacterial Meningitis,Post-recovery light stretching
Bacterial Meningitis,Breathing exercises
Bacterial Meningitis,Hydration-based movements
Bacterial Meningitis,Cognitive yoga
Bacterial Meningitis,Balance therapy
Bartonellosis,Low-impact walking
Bartonellosis,Hydration-focused yoga
Bartonellosis,Core-strengthening therapy
Bartonellosis,Mindfulness exercises
Bartonellosis,Breathing workouts
Barrett Esophagus,Posture improvement exercises
Barrett Esophagus,Abdominal breathing
Barrett Esophagus,Chest expansion exercises
Barrett Esophagus,Gentle yoga
Barrett Esophagus,Acid reflux prevention workouts
Bell's Palsy,Facial muscle exercises
Bell's Palsy,Eye movement coordination
Bell's Palsy,Jaw relaxation therapy
Bell's Palsy,Neck mobility workouts
Bell's Palsy,Acupuncture-based movement
Benign Paroxysmal Positional Vertigo (BPPV),Vestibular rehabilitation therapy
Benign Paroxysmal Positional Vertigo (BPPV),Epley maneuver
Benign Paroxysmal Positional Vertigo (BPPV),Head tilting exercises
Benign Paroxysmal Positional Vertigo (BPPV),Balance training
Benign Paroxysmal Positional Vertigo (BPPV),Eye tracking exercises
Bipolar Disorder,Mood stabilization workouts
Bipolar Disorder,Dance therapy
Bipolar Disorder,Walking meditation
Bipolar Disorder,Strength training for emotional balance
Bipolar Disorder,Mindful yoga
Bladder Cancer,Pelvic floor exercises
Bladder Cancer,Core strengthening
Bladder Cancer,Hydration therapy
Bladder Cancer,Balance training
Bladder Cancer,Posture correction
Blastomycosis,Immune-boosting yoga
Blastomycosis,Walking therapy
Blastomycosis,Breathing therapy
Blastomycosis,Hydration-based exercises
Blastomycosis,Strength training
Brain Tumor,Cognitive balance workouts
Brain Tumor,Neck stretching therapy
Brain Tumor,Mind-body exercises
Brain Tumor,Post-surgery rehabilitation therapy
Brain Tumor,Eye coordination training
Breast Cancer,Post-mastectomy stretching
Breast Cancer,Lymphedema prevention exercises
Breast Cancer,Strength rebuilding training
Breast Cancer,Breathing exercises
Breast Cancer,Yoga for relaxation
Bronchial Asthma,Pursed-lip breathing
Bronchial Asthma,Steam therapy
Bronchial Asthma,Gentle walking
Bronchial Asthma,Breathing-based yoga
Bronchial Asthma,Hydration therapy
Bronchiectasis,Lung drainage exercises
Bronchiectasis,Steam inhalation therapy
Bronchiectasis,Controlled deep breathing
Bronchiectasis,Hydration therapy
Bronchiectasis,Light aerobic exercises
Bronchitis,Chest expansion exercises
Bronchitis,Hydration-based movements
Bronchitis,Steam therapy
Bronchitis,Gentle walking
Bronchitis,Lung-strengthening workouts
Brucellosis,Hydration therapy
Brucellosis,Low-impact walking
Brucellosis,Core strengthening
Brucellosis,Breathing exercises
Brucellosis,Joint-friendly movements
COVID-19,Post-recovery breathing exercises
COVID-19,Low-intensity walking
COVID-19,Stretching therapy
COVID-19,Mindful meditation
COVID-19,Cardio rehabilitation
Campylobacteriosis,Hydration-focused therapy
Campylobacteriosis,Gut health yoga
Campylobacteriosis,Light stretching
Campylobacteriosis,Post-infection strength rebuilding
Campylobacteriosis,Breathing therapy
Cataracts,Eye coordination exercises
Cataracts,Balance training
Cataracts,Post-surgery stretching
Cataracts,Peripheral vision strengthening
Cataracts,Cognitive-motor activities
Celiac Disease,Gut-friendly yoga
Celiac Disease,Gluten-free diet integration workouts
Celiac Disease,Hydration-based stretching
Celiac Disease,Light cardio
Celiac Disease,Detoxification exercises
Cervical Cancer,Pelvic muscle therapy
Cervical Cancer,Post-surgery stretching
Cervical Cancer,Core strengthening
Cervical Cancer,Hydration therapy
Cervical Cancer,Breathing workouts
Cervical spondylosis,Neck strengthening
Cervical spondylosis,Posture correction
Cervical spondylosis,Stretching therapy
Cervical spondylosis,Core stability workouts
Cervical spondylosis,Low-impact movement exercises
Chikungunya,Joint pain relief yoga
Chikungunya,Hydration therapy
Chikungunya,Post-viral recovery stretches
Chikungunya,Core muscle rebuilding
Chikungunya,Light resistance training
Chicken pox,Hydration-based exercises
Chicken pox,Detoxifying yoga
Chicken pox,Immune-boosting workouts
Chicken pox,Light cardio
Chicken pox,Skin healing therapy
Chlamydia,Pelvic floor therapy
Chlamydia,Core stability exercises
Chlamydia,Post-infection strengthening
Chlamydia,Hydration therapy
Chlamydia,Breathing workouts
Cholera,Hydration-based stretching
Cholera,Gentle movement therapy
Cholera,Core strengthening
Cholera,Post-recovery walking
Cholera,Breathing exercises
Chronic Fatigue Syndrome,Low-intensity walking
Chronic Fatigue Syndrome,Pacing therapy
Chronic Fatigue Syndrome,Yoga for energy balance
Chronic Fatigue Syndrome,Breathing techniques
Chronic Fatigue Syndrome,Strength rebuilding
Chronic Kidney Disease,Hydration therapy
Chronic Kidney Disease,Electrolyte-balancing yoga
Chronic Kidney Disease,Strength preservation workouts
Chronic Kidney Disease,Breathing exercises
Chronic Kidney Disease,Gentle movement therapy
Chronic Sinusitis,Nasal breathing techniques
Chronic Sinusitis,Steam inhalation therapy
Chronic Sinusitis,Hydration-based movements
Chronic Sinusitis,Posture correction
Chronic Sinusitis,Core breathing workouts
Chronic cholestasis,Liver detox yoga
Chronic cholestasis,Gentle stretching
Chronic cholestasis,Hydration therapy
Chronic cholestasis,Core stability exercises
Chronic cholestasis,Light aerobic workouts
Coccidioidomycosis,Breathing exercises
Coccidioidomycosis,Lung expansion therapy
Coccidioidomycosis,Steam inhalation
Coccidioidomycosis,Low-intensity walking
Coccidioidomycosis,Chest physiotherapy
Colon Cancer,Core strengthening
Colon Cancer,Post-surgery gentle stretching
Colon Cancer,Pelvic floor therapy
Colon Cancer,Hydration therapy
Colon Cancer,Resistance training
Common Cold,Deep breathing exercises
Common Cold,Steam therapy
Common Cold,Gentle stretching
Common Cold,Hydration-focused yoga
Common Cold,Light cardio
Crohn's Disease,Gut health yoga
Crohn's Disease,Pelvic muscle therapy
Crohn's Disease,Anti-inflammatory diet integration workouts
Crohn's Disease,Breathing therapy
Crohn's Disease,Hydration-focused exercises
Cryptococcosis,Immune-boosting exercises
Cryptococcosis,Breathing therapy
Cryptococcosis,Chest physiotherapy
Cryptococcosis,Hydration yoga
Cryptococcosis,Light resistance training
Cushing's Syndrome,Weight-bearing exercises
Cushing's Syndrome,Core stabilization workouts
Cushing's Syndrome,Strength training
Cushing's Syndrome,Balance therapy
Cushing's Syndrome,Breathing exercises
Cystic Fibrosis,Chest physiotherapy
Cystic Fibrosis,Breathing control exercises
Cystic Fibrosis,Aerobic conditioning
Cystic Fibrosis,Posture correction
Cystic Fibrosis,Lung drainage therapy
Deep Vein Thrombosis (DVT),Leg elevation workouts
Deep Vein Thrombosis (DVT),Low-impact walking
Deep Vein Thrombosis (DVT),Hydration-based movement
Deep Vein Thrombosis (DVT),Calf stretching
Deep Vein Thrombosis (DVT),Blood circulation yoga
Dengue Fever,Post-recovery gentle stretching
Dengue Fever,Hydration-based therapy
Dengue Fever,Blood circulation workouts
Dengue Fever,Deep breathing exercises
Dengue Fever,Low-intensity walking
Dermatitis,Skin healing yoga
Dermatitis,Hydration-based therapy
Dermatitis,Detox stretching
Dermatitis,Stress-relief breathing exercises
Dermatitis,Anti-inflammatory diet integration
Diabetes,Aerobic workouts
Diabetes,Strength training
Diabetes,Balance exercises
Diabetes,Yoga for glucose control
Diabetes,Flexibility workouts
Dimorphic hemmorhoids(piles),Pelvic floor strengthening
Dimorphic hemmorhoids(piles),Hydration therapy
Dimorphic hemmorhoids(piles),Gentle stretching
Dimorphic hemmorhoids(piles),Core stability exercises
Dimorphic hemmorhoids(piles),Breathing therapy
Diphtheria,Breathing exercises
Diphtheria,Steam inhalation therapy
Diphtheria,Chest physiotherapy
Diphtheria,Hydration-based stretching
Diphtheria,Post-recovery light cardio
Diverticulitis,Gut mobility exercises
Diverticulitis,Hydration therapy
Diverticulitis,Pelvic floor workouts
Diverticulitis,Core strengthening
Diverticulitis,Post-recovery light stretching
Drug Reaction,Detox yoga
Drug Reaction,Stress-relief breathing
Drug Reaction,Hydration therapy
Drug Reaction,Skin healing therapy
Drug Reaction,Mild cardio
E. Coli Infection,Gut health yoga
E. Coli Infection,Hydration therapy
E. Coli Infection,Post-recovery strength training
E. Coli Infection,Core mobility workouts
E. Coli Infection,Breathing exercises
Ebola,Post-recovery mobility training
Ebola,Hydration-based workouts
Ebola,Lung strengthening therapy
Ebola,Cardio rehabilitation
Ebola,Strength rebuilding exercises
Eczema,Skin detox yoga
Eczema,Hydration-based movements
Eczema,Stress management breathing
Eczema,Low-impact stretching
Eczema,Antioxidant-boosting workouts
Ehlers-Danlos Syndrome,Joint stabilization therapy
Ehlers-Danlos Syndrome,Balance training
Ehlers-Danlos Syndrome,Strengthening workouts
Ehlers-Danlos Syndrome,Stretching for flexibility
Ehlers-Danlos Syndrome,Posture correction
Endometriosis,Pelvic floor therapy
Endometriosis,Hydration-based exercises
Endometriosis,Gentle stretching
Endometriosis,Core muscle strengthening
Endometriosis,Yoga for pain relief
Epilepsy,Balance training
Epilepsy,Cognitive-motor exercises
Epilepsy,Breathing therapy
Epilepsy,Tai Chi
Epilepsy,Mindful movement therapy
Erectile Dysfunction,Pelvic muscle strengthening
Erectile Dysfunction,Cardiovascular workouts
Erectile Dysfunction,Stress-relief yoga
Erectile Dysfunction,Breathing therapy
Erectile Dysfunction,Strength training
Esophageal Cancer,Post-surgery swallowing exercises
Esophageal Cancer,Hydration therapy
Esophageal Cancer,Posture correction
Esophageal Cancer,Core muscle rehabilitation
Esophageal Cancer,Breathing exercises
Fatty Liver Disease,Liver detox yoga
Fatty Liver Disease,Hydration-based workouts
Fatty Liver Disease,Core stability exercises
Fatty Liver Disease,Strength training
Fatty Liver Disease,Breathing therapy
Fibromyalgia,Gentle stretching
Fibromyalgia,Tai Chi
Fibromyalgia,Hydrotherapy
Fibromyalgia,Low-impact aerobic workouts
Fibromyalgia,Deep breathing exercises
Filariasis,Lymphatic drainage exercises
Filariasis,Hydration-based stretching
Filariasis,Breathing exercises
Filariasis,Gentle walking
Filariasis,Leg elevation therapy
Fungal Infection,Immune-boosting yoga
Fungal Infection,Skin detox exercises
Fungal Infection,Breathing therapy
Fungal Infection,Stress reduction workouts
Fungal Infection,Low-impact movement therapy
GERD,Posture correction
GERD,Deep breathing exercises
GERD,Core muscle workouts
GERD,Hydration-based stretching
GERD,Acid reflux prevention yoga
Gallbladder Disease,Hydration therapy
Gallbladder Disease,Posture correction
Gallbladder Disease,Detox yoga
Gallbladder Disease,Core stability exercises
Gallbladder Disease,Breathing therapy
Gallstones,Liver detox yoga
Gallstones,Gentle stretching
Gallstones,Hydration-based movements
Gallstones,Core strengthening
Gallstones,Breathing exercises
Gastric Cancer,Post-surgery gentle stretching
Gastric Cancer,Hydration therapy
Gastric Cancer,Core muscle rehabilitation
Gastric Cancer,Breathing exercises
Gastric Cancer,Strength rebuilding workouts
Gastritis,Gut health yoga
Gastritis,Hydration-focused therapy
Gastritis,Breathing exercises
Gastritis,Core stabilization workouts
Gastritis,Detoxifying movements
Gastroenteritis,Hydration-based stretching
Gastroenteritis,Gut mobility exercises
Gastroenteritis,Gentle walking therapy
Gastroenteritis,Breathing exercises
Gastroenteritis,Post-recovery balance workouts
Giardiasis,Hydration therapy
Giardiasis,Core strengthening
Giardiasis,Post-recovery stretching
Giardiasis,Gut health exercises
Giardiasis,Breathing workouts
Glaucoma,Eye movement exercises
Glaucoma,Balance training
Glaucoma,Peripheral vision workouts
Glaucoma,Hydration therapy
Glaucoma,Cognitive-motor therapy
Gonorrhea,Pelvic muscle strengthening
Gonorrhea,Core stabilization exercises
Gonorrhea,Breathing therapy
Gonorrhea,Hydration-based movements
Gonorrhea,Post-infection recovery stretches
Gout,Joint pain relief exercises
Gout,Low-impact movement therapy
Gout,Stretching workouts
Gout,Hydration therapy
Gout,Balance training
Graves' Disease,Stress-relief yoga
Graves' Disease,Breathing therapy
Graves' Disease,Cardio conditioning
Graves' Disease,Mindful movement exercises
Graves' Disease,Low-impact balance workouts
Guillain Barre Syndrome,Neuromuscular rehabilitation
Guillain Barre Syndrome,Breathing therapy
Guillain Barre Syndrome,Hydration-focused workouts
Guillain Barre Syndrome,Postural strengthening
Guillain Barre Syndrome,Balance exercises
HIV/AIDS,Immune-boosting exercises
HIV/AIDS,Strength training
HIV/AIDS,Low-impact cardio
HIV/AIDS,Breathing therapy
HIV/AIDS,Hydration-based movement
Hantavirus,Breathing exercises
Hantavirus,Lung expansion therapy
Hantavirus,Hydration-based movement
Hantavirus,Low-intensity walking
Hantavirus,Post-viral recovery training
Heart attack,Cardiac rehabilitation training
Heart attack,Low-intensity walking
Heart attack,Breathing exercises
Heart attack,Hydration-based therapy
Heart attack,Strength building workouts
Hemochromatosis,Blood circulation yoga
Hemochromatosis,Hydration therapy
Hemochromatosis,Core muscle workouts
Hemochromatosis,Gentle stretching
Hemochromatosis,Aerobic conditioning
Hemophilia,Low-impact movement therapy
Hemophilia,Balance training
Hemophilia,Joint stabilization exercises
Hemophilia,Hydration-focused workouts
Hemophilia,Posture correction
Hendra Virus,Breathing therapy
Hendra Virus,Hydration-based movement
Hendra Virus,Post-recovery strength training
Hendra Virus,Cardio rehabilitation
Hendra Virus,Steam inhalation therapy
Hepatitis A,Liver detox yoga
Hepatitis A,Hydration therapy
Hepatitis A,Core stability workouts
Hepatitis A,Breathing exercises
Hepatitis A,Post-recovery balance exercises
Hepatitis B,Immune-boosting workouts
Hepatitis B,Liver detox yoga
Hepatitis B,Hydration-based stretching
Hepatitis B,Core stabilization therapy
Hepatitis B,Breathing exercises
Hepatitis C,Liver function recovery exercises
Hepatitis C,Hydration therapy
Hepatitis C,Strength training
Hepatitis C,Breathing therapy
Hepatitis C,Low-intensity movement therapy
Hepatitis D,Detox yoga
Hepatitis D,Breathing therapy
Hepatitis D,Liver-strengthening exercises
Hepatitis D,Hydration therapy
Hepatitis D,Core stability movements
Hepatitis E,Liver detox yoga
Hepatitis E,Hydration therapy
Hepatitis E,Breathing exercises
Hepatitis E,Low-impact stretching
Hepatitis E,Core stabilization workouts
Herpes,Immune-boosting yoga
Herpes,Stress-relief exercises
Herpes,Gentle stretching
Herpes,Detox breathing therapy
Herpes,Hydration-based workouts
Histoplasmosis,Lung expansion exercises
Histoplasmosis,Breathing control therapy
Histoplasmosis,Hydration-focused yoga
Histoplasmosis,Light walking
Histoplasmosis,Chest physiotherapy
Hodgkin's Lymphoma,Strength-building exercises
Hodgkin's Lymphoma,Low-impact movement therapy
Hodgkin's Lymphoma,Post-recovery stretching
Hodgkin's Lymphoma,Breathing therapy
Hodgkin's Lymphoma,Balance training
Hookworm Infection,Hydration-based therapy
Hookworm Infection,Post-recovery strength building
Hookworm Infection,Gut health yoga
Hookworm Infection,Walking therapy
Hookworm Infection,Breathing workouts
Huntington's Disease,Neuromuscular coordination exercises
Huntington's Disease,Balance training
Huntington's Disease,Cognitive movement therapy
Huntington's Disease,Stretching workouts
Huntington's Disease,Hand-eye coordination drills
Hyperglycemia,Aerobic training
Hyperglycemia,Strength training
Hyperglycemia,Yoga for glucose control
Hyperglycemia,Hydration therapy
Hyperglycemia,Low-impact movement therapy
Hypertension,Breathing therapy
Hypertension,Tai Chi
Hypertension,Low-intensity walking
Hypertension,Yoga for blood pressure control
Hypertension,Meditation-based exercises
Hyperthyroidism,Metabolism-balancing yoga
Hyperthyroidism,Breathing exercises
Hyperthyroidism,Cardio workouts
Hyperthyroidism,Stress-relief therapy
Hyperthyroidism,Strength training
Impetigo,Skin detox yoga
Impetigo,Hydration therapy
Impetigo,Low-impact stretching
Impetigo,Immune-boosting movements
Impetigo,Breathing exercises
Influenza,Breathing exercises
Influenza,Hydration-based movements
Influenza,Lung expansion therapy
Influenza,Steam therapy
Influenza,Gentle stretching
Insomnia,Deep breathing exercises
Insomnia,Mindfulness-based yoga
Insomnia,Progressive muscle relaxation
Insomnia,Tai Chi for sleep
Insomnia,Meditation-based stretching
Irritable Bowel Syndrome (IBS),Gut health yoga
Irritable Bowel Syndrome (IBS),Hydration-focused stretching
Irritable Bowel Syndrome (IBS),Low-impact cardio
Irritable Bowel Syndrome (IBS),Core stability exercises
Irritable Bowel Syndrome (IBS),Pelvic muscle therapy
Jaundice,Liver detox yoga
Jaundice,Hydration therapy
Jaundice,Post-recovery light stretching
Jaundice,Breathing exercises
Jaundice,Core stability workouts
Kidney Stones,Hydration-based stretching
Kidney Stones,Post-recovery walking therapy
Kidney Stones,Breathing exercises
Kidney Stones,Core strengthening
Kidney Stones,Balance workouts
Legionnaires' Disease,Breathing exercises
Legionnaires' Disease,Steam therapy
Legionnaires' Disease,Chest physiotherapy
Legionnaires' Disease,Hydration-based movements
Legionnaires' Disease,Post-recovery balance workouts
Leptospirosis,Hydration therapy
Leptospirosis,Detox yoga
Leptospirosis,Core stabilization exercises
Leptospirosis,Gentle stretching
Leptospirosis,Breathing workouts
Leukemia,Strength training
Leukemia,Hydration-based exercises
Leukemia,Balance training
Leukemia,Immune-boosting yoga
Leukemia,Post-recovery light cardio
Lice Infestation,Scalp massage therapy
Lice Infestation,Blood circulation yoga
Lice Infestation,Hydration-based stretching
Lice Infestation,Gentle movement therapy
Lice Infestation,Detox breathing exercises
Liver Cirrhosis,Liver detox yoga
Liver Cirrhosis,Hydration therapy
Liver Cirrhosis,Strength rebuilding exercises
Liver Cirrhosis,Breathing therapy
Liver Cirrhosis,Posture correction
Loiasis,Lymphatic drainage therapy
Loiasis,Post-recovery strength training
Loiasis,Hydration-based stretching
Loiasis,Core muscle workouts
Loiasis,Breathing exercises
Lung Cancer,Breathing therapy
Lung Cancer,Lung expansion exercises
Lung Cancer,Post-surgery rehabilitation movements
Lung Cancer,Hydration-focused yoga
Lung Cancer,Low-impact movement therapy
Lupus,Low-impact stretching
Lupus,Tai Chi
Lupus,Hydration-based therapy
Lupus,Strength training
Lupus,Mindful movement therapy
Lyme Disease,Balance training
Lyme Disease,Strength rebuilding exercises
Lyme Disease,Post-recovery stretching
Lyme Disease,Hydration therapy
Lyme Disease,Breathing therapy
Lymphoma,Immune-boosting workouts
Lymphoma,Post-recovery light stretching
Lymphoma,Strength training
Lymphoma,Balance exercises
Lymphoma,Breathing therapy
MERS,Breathing exercises
MERS,Steam therapy
MERS,Hydration-based movements
MERS,Lung expansion therapy
MERS,Post-recovery stretching
Macular Degeneration,Eye movement coordination
Macular Degeneration,Balance training
Macular Degeneration,Peripheral vision strengthening
Macular Degeneration,Cognitive-motor activities
Macular Degeneration,Hydration-based stretching
Malaria,Hydration therapy
Malaria,Post-recovery strength training
Malaria,Lymphatic circulation workouts
Malaria,Core muscle stabilization
Malaria,Breathing exercises
Marburg Virus,Post-recovery strength rebuilding
Marburg Virus,Lung expansion exercises
Marburg Virus,Hydration-based therapy
Marburg Virus,Immune-boosting movements
Marburg Virus,Breathing therapy
Measles,Immune-boosting workouts
Measles,Hydration therapy
Measles,Detox yoga
Measles,Post-recovery gentle stretching
Measles,Breathing exercises
Melanoma,Skin detox yoga
Melanoma,Low-impact stretching
Melanoma,Post-recovery movement therapy
Melanoma,Hydration-based exercises
Melanoma,Strength training
Metabolic Syndrome,Cardiovascular workouts
Metabolic Syndrome,Strength training
Metabolic Syndrome,Yoga for metabolic balance
Metabolic Syndrome,Hydration therapy
Metabolic Syndrome,Mindful movement therapy
Migraine,Deep breathing exercises
Migraine,Progressive muscle relaxation
Migraine,Meditation-based yoga
Migraine,Tai Chi
Migraine,Hydration-focused workouts
Multiple Sclerosis,Neuromuscular coordination exercises
Multiple Sclerosis,Balance training
Multiple Sclerosis,Stretching for flexibility
Multiple Sclerosis,Posture correction
Multiple Sclerosis,Hydration-based therapy
Mumps,Lymphatic drainage therapy
Mumps,Immune-boosting workouts
Mumps,Hydration therapy
Mumps,Post-recovery gentle stretching
Mumps,Breathing exercises
Myasthenia Gravis,Strength training
Myasthenia Gravis,Posture correction
Myasthenia Gravis,Breathing therapy
Myasthenia Gravis,Low-impact movement exercises
Myasthenia Gravis,Balance training
Mycoplasma Pneumonia,Breathing exercises
Mycoplasma Pneumonia,Chest physiotherapy
Mycoplasma Pneumonia,Hydration-based movements
Mycoplasma Pneumonia,Post-recovery balance workouts
Mycoplasma Pneumonia,Steam therapy
Narcolepsy,Cognitive-motor coordination
Narcolepsy,Tai Chi
Narcolepsy,Strength training
Narcolepsy,Hydration-based stretching
Narcolepsy,Balance workouts
Nipah Virus,Lung expansion exercises
Nipah Virus,Breathing therapy
Nipah Virus,Hydration-based stretching
Nipah Virus,Post-recovery strength building
Nipah Virus,Mindful movement therapy
Norovirus,Hydration therapy
Norovirus,Gut health yoga
Norovirus,Core stability workouts
Norovirus,Post-recovery stretching
Norovirus,Breathing exercises
Obesity,Cardio workouts
Obesity,Strength training
Obesity,Mindful movement therapy
Obesity,Hydration therapy
Obesity,Core muscle exercises
Onchocerciasis,Lymphatic circulation workouts
Onchocerciasis,Post-recovery stretching
Onchocerciasis,Hydration-based movements
Onchocerciasis,Strength rebuilding exercises
Onchocerciasis,Balance training
Osteoarthristis,Joint-friendly stretching
Osteoarthristis,Tai Chi
Osteoarthristis,Strength training
Osteoarthristis,Balance exercises
Osteoarthristis,Hydration-focused movements
Osteoporosis,Weight-bearing exercises
Osteoporosis,Resistance training
Osteoporosis,Posture correction
Osteoporosis,Balance training
Osteoporosis,Hydration-based therapy
Otitis Media,Breathing exercises
Otitis Media,Head tilting workouts
Otitis Media,Balance training
Otitis Media,Post-recovery stretching
Otitis Media,Lymphatic circulation therapy
Ovarian Cancer,Pelvic floor therapy
Ovarian Cancer,Post-surgery stretching
Ovarian Cancer,Strength rebuilding exercises
Ovarian Cancer,Breathing therapy
Ovarian Cancer,Hydration-based workouts
Pancreatic Cancer,Core stabilization therapy
Pancreatic Cancer,Post-surgery rehabilitation
Pancreatic Cancer,Strength training
Pancreatic Cancer,Balance training
Pancreatic Cancer,Breathing therapy
Paralysis (brain hemorrhage),Physical therapy
Paralysis (brain hemorrhage),Neurorehabilitation exercises
Paralysis (brain hemorrhage),Balance training
Paralysis (brain hemorrhage),Cognitive-motor therapy
Paralysis (brain hemorrhage),Breathing exercises
Parkinson's Disease,Balance training
Parkinson's Disease,Posture correction
Parkinson's Disease,Strength training
Parkinson's Disease,Tai Chi
Parkinson's Disease,Cognitive movement therapy
Pelvic Inflammatory Disease,Pelvic floor therapy
Pelvic Inflammatory Disease,Hydration-based movements
Pelvic Inflammatory Disease,Core stabilization workouts
Pelvic Inflammatory Disease,Strength training
Pelvic Inflammatory Disease,Post-recovery stretching
Peptic ulcer disease,Gut health yoga
Peptic ulcer disease,Stress-relief breathing
Peptic ulcer disease,Hydration-focused stretching
Peptic ulcer disease,Core strengthening
Peptic ulcer disease,Mindful movement therapy
Peripheral Neuropathy,Nerve stimulation exercises
Peripheral Neuropathy,Balance training
Peripheral Neuropathy,Strength rebuilding workouts
Peripheral Neuropathy,Foot mobility therapy
Peripheral Neuropathy,Breathing exercises
Plague,Immune-boosting yoga
Plague,Post-recovery stretching
Plague,Hydration-based therapy
Plague,Core stability workouts
Plague,Gentle movement exercises
Pneumonia,Lung expansion exercises
Pneumonia,Steam therapy
Pneumonia,Chest physiotherapy
Pneumonia,Breathing therapy
Pneumonia,Low-impact stretching
Polycystic Ovary Syndrome,Hormone-balancing yoga
Polycystic Ovary Syndrome,Cardio workouts
Polycystic Ovary Syndrome,Core stabilization exercises
Polycystic Ovary Syndrome,Strength training
Polycystic Ovary Syndrome,Mindful movement therapy
Pontiac Fever,Hydration therapy
Pontiac Fever,Breathing exercises
Pontiac Fever,Lung-strengthening movements
Pontiac Fever,Post-recovery stretching
Pontiac Fever,Balance training
Prostate Cancer,Pelvic floor therapy
Prostate Cancer,Post-surgery rehabilitation
Prostate Cancer,Hydration therapy
Prostate Cancer,Strength training
Prostate Cancer,Breathing exercises
Psittacosis,Breathing exercises
Psittacosis,Lung expansion therapy
Psittacosis,Post-recovery stretching
Psittacosis,Hydration-based movements
Psittacosis,Chest physiotherapy
Psoriasis,Skin detox yoga
Psoriasis,Hydration-focused exercises
Psoriasis,Stress-relief breathing
Psoriasis,Detoxifying stretching
Psoriasis,Strength training
Q Fever,Immune-boosting yoga
Q Fever,Hydration therapy
Q Fever,Post-recovery stretching
Q Fever,Gentle movement exercises
Q Fever,Breathing therapy
Rabies,Post-recovery stretching
Rabies,Hydration therapy
Rabies,Balance training
Rabies,Strength rebuilding exercises
Rabies,Breathing workouts
Raynaud Disease,Circulation-boosting workouts
Raynaud Disease,Hand and foot exercises
Raynaud Disease,Stretching therapy
Raynaud Disease,Low-impact cardio
Raynaud Disease,Breathing exercises
Relapsing Fever,Hydration-based stretching
Relapsing Fever,Post-recovery strength training
Relapsing Fever,Gentle movement therapy
Relapsing Fever,Breathing workouts
Relapsing Fever,Core stabilization
Restless Legs Syndrome,Leg mobility therapy
Restless Legs Syndrome,Deep breathing exercises
Restless Legs Syndrome,Gentle stretching
Restless Legs Syndrome,Low-impact cardio
Restless Legs Syndrome,Mindful movement therapy
Retinopathy,Eye coordination exercises
Retinopathy,Balance training
Retinopathy,Peripheral vision strengthening
Retinopathy,Hydration therapy
Retinopathy,Cognitive-motor activities
Rheumatoid Arthritis,Joint-friendly stretching
Rheumatoid Arthritis,Tai Chi
Rheumatoid Arthritis,Strength training
Rheumatoid Arthritis,Hydration-focused therapy
Rheumatoid Arthritis,Balance exercises
Rocky Mountain Spotted Fever,Hydration-based therapy
Rocky Mountain Spotted Fever,Post-recovery stretching
Rocky Mountain Spotted Fever,Immune-boosting exercises
Rocky Mountain Spotted Fever,Breathing therapy
Rocky Mountain Spotted Fever,Balance training
Rotavirus,Gut health yoga
Rotavirus,Hydration-focused stretching
Rotavirus,Post-recovery movement therapy
Rotavirus,Core muscle stabilization
Rotavirus,Breathing therapy
Roundworm Infection,Gut mobility exercises
Roundworm Infection,Hydration therapy
Roundworm Infection,Post-recovery stretching
Roundworm Infection,Core strengthening
Roundworm Infection,Breathing exercises
Rubella,Immune-boosting workouts
Rubella,Hydration therapy
Rubella,Detox yoga
Rubella,Post-recovery gentle stretching
Rubella,Breathing exercises
SARS,Breathing exercises
SARS,Steam therapy
SARS,Hydration-based movements
SARS,Lung expansion therapy
SARS,Post-recovery stretching
Salmonella Infection,Gut health yoga
Salmonella Infection,Hydration therapy
Salmonella Infection,Core mobility workouts
Salmonella Infection,Post-recovery strength training
Salmonella Infection,Breathing exercises
Sarcoidosis,Lung-strengthening exercises
Sarcoidosis,Breathing therapy
Sarcoidosis,Post-recovery stretching
Sarcoidosis,Balance training
Sarcoidosis,Core stabilization
Scabies,Skin detox yoga
Scabies,Hydration-focused therapy
Scabies,Gentle stretching
Scabies,Stress-relief breathing
Scabies,Immune-boosting exercises
Schistosomiasis,Lymphatic circulation therapy
Schistosomiasis,Hydration therapy
Schistosomiasis,Post-recovery strength training
Schistosomiasis,Core muscle stabilization
Schistosomiasis,Breathing exercises
Shigellosis,Gut health yoga
Shigellosis,Hydration therapy
Shigellosis,Post-recovery movement therapy
Shigellosis,Core strengthening
Shigellosis,Breathing therapy
Sickle Cell Disease,Circulation-boosting workouts
Sickle Cell Disease,Low-impact movement therapy
Sickle Cell Disease,Hydration-focused stretching
Sickle Cell Disease,Breathing exercises
Sickle Cell Disease,Balance training
Sinusitis,Nasal breathing techniques
Sinusitis,Steam inhalation therapy
Sinusitis,Hydration-based movements
Sinusitis,Posture correction
Sinusitis,Core breathing workouts
Sleep Apnea,Deep breathing exercises
Sleep Apnea,Progressive muscle relaxation
Sleep Apnea,Tai Chi
Sleep Apnea,Meditation-based yoga
Sleep Apnea,Posture correction
Stroke,Neurorehabilitation exercises
Stroke,Balance training
Stroke,Cognitive movement therapy
Stroke,Breathing exercises
Stroke,Posture correction
Syphilis,Post-recovery movement therapy
Syphilis,Hydration therapy
Syphilis,Pelvic floor exercises
Syphilis,Core muscle stabilization
Syphilis,Breathing exercises
Tapeworm Infection,Gut mobility exercises
Tapeworm Infection,Hydration therapy
Tapeworm Infection,Post-recovery movement therapy
Tapeworm Infection,Core strengthening
Tapeworm Infection,Breathing exercises
Tetanus,Neuromuscular rehabilitation
Tetanus,Balance training
Tetanus,Stretching for flexibility
Tetanus,Posture correction
Tetanus,Hydration-based therapy
Thalassemia,Strength training
Thalassemia,Hydration therapy
Thalassemia,Posture correction
Thalassemia,Breathing exercises
Thalassemia,Gentle stretching
Tinnitus,Ear coordination exercises
Tinnitus,Balance training
Tinnitus,Deep breathing exercises
Tinnitus,Meditation-based stretching
Tinnitus,Tai Chi
Toxoplasmosis,Immune-boosting yoga
Toxoplasmosis,Hydration-focused exercises
Toxoplasmosis,Post-recovery movement therapy
Toxoplasmosis,Core stabilization
Toxoplasmosis,Breathing exercises
Trichinosis,Hydration therapy
Trichinosis,Gentle stretching
Trichinosis,Post-recovery strength training
Trichinosis,Core muscle stabilization
Trichinosis,Breathing therapy
Tuberculosis,Breathing exercises
Tuberculosis,Lung expansion therapy
Tuberculosis,Chest physiotherapy
Tuberculosis,Hydration-based movements
Tuberculosis,Post-recovery stretching
Tularemia,Post-recovery stretching
Tularemia,Immune-boosting yoga
Tularemia,Hydration therapy
Tularemia,Balance training
Tularemia,Breathing therapy
Typhoid,Gut health yoga
Typhoid,Hydration-focused stretching
Typhoid,Core mobility workouts
Typhoid,Post-recovery strength training
Typhoid,Breathing exercises
Ulcerative Colitis,Gut health yoga
Ulcerative Colitis,Hydration-focused stretching
Ulcerative Colitis,Low-impact cardio
Ulcerative Colitis,Core stability exercises
Ulcerative Colitis,Pelvic muscle therapy
Urinary tract infection,Pelvic floor exercises
Urinary tract infection,Hydration-based therapy
Urinary tract infection,Core muscle strengthening
Urinary tract infection,Post-recovery stretching
Urinary tract infection,Breathing exercises
Varicose veins,Leg circulation workouts
Varicose veins,Hydration therapy
Varicose veins,Gentle movement exercises
Varicose veins,Balance training
Varicose veins,Core stabilization
Vertigo,Vestibular rehabilitation therapy
Vertigo,Epley maneuver
Vertigo,Head tilting exercises
Vertigo,Balance training
Vertigo,Eye tracking exercises
Whooping Cough,Breathing exercises
Whooping Cough,Lung expansion therapy
Whooping Cough,Hydration-based stretching
Whooping Cough,Steam inhalation therapy
Whooping Cough,Gentle movement exercises
Wilson Disease,Liver detox yoga
Wilson Disease,Hydration-focused exercises
Wilson Disease,Balance training
Wilson Disease,Posture correction
Wilson Disease,Strength training
Yellow Fever,Post-recovery stretching
Yellow Fever,Hydration therapy
Yellow Fever,Immune-boosting workouts
Yellow Fever,Balance training
Yellow Fever,Breathing exercises
Yersiniosis,Gut mobility exercises
Yersiniosis,Hydration therapy
Yersiniosis,Core strengthening
Yersiniosis,Post-recovery movement therapy
Yersiniosis,Breathing exercises
Zika Virus,Immune-boosting yoga
Zika Virus,Hydration-focused stretching
Zika Virus,Gentle movement therapy
Zika Virus,Core stabilization
Zika Virus,Breathing exercises
